objname,ra,dec,z,z_unc,z_tech,z_qual,ziDist,ziDist_unc,ziDist_method,DistMpc,DistMpc_unc,DistMpc_method,ebv,m_FUV,m_FUV_unc,m_NUV,m_NUV_unc,Lum_FUV,Lum_FUV_unc,Lum_NUV,Lum_NUV_unc,m_J,m_J_unc,m_H,m_H_unc,m_Ks,m_Ks_unc,Lum_J,Lum_J_unc,Lum_H,Lum_H_unc,Lum_Ks,Lum_Ks_unc,m_W1,m_W1_unc,m_W2,m_W2_unc,m_W3,m_W3_unc,m_W4,m_W4_unc,Lum_W1,Lum_W1_unc,Lum_W2,Lum_W2_unc,Lum_W3,Lum_W3_unc,Lum_W4,Lum_W4_unc,SFR_W4,SFR_W4_unc,SFR_hybrid,SFR_hybrid_unc,SFR_flag,Mstar,Mstar_unc
WISEA J142636.96+335239.2,216.6540227,33.8775674,0.158076,6.23598e-05,SPEC,False,,,,759.6838,0.26860633,Redshift,0.010369301,,,,,,,,,,,,,,,,,,,,,15.464,0.1,15.445,0.238,11.526,99.0,9.342,99.0,1.2489825363549156e+43,1.1503937791307716e+42,5.1350056672583476e+42,1.1256620900821176e+42,1.3916557691151273e+43,,1.4371824780930683e+43,,2.807728206746031,,,,,37597359758.80629,3462960251.189755
WISEA J142633.23+335512.5,216.638478,33.9201492,0.156254,1.22534e-05,SPEC,False,,,,750.08105,0.052779846,Redshift,0.010411923,,,,,,,,,,,,,,,,,,,,,14.954,0.042,15.424,0.233,11.813,0.241,8.978,99.0,1.9476477806552787e+43,7.534419906120835e+41,5.103803466215982e+42,1.0953175123730518e+42,1.0415591829124294e+43,2.3120177083758364e+42,1.959129724213646e+43,,3.82742196707537,,,,,61508551526.79704,2379440777.8609695
