objname,ra,dec,z,z_unc,z_tech,z_qual,ziDist,ziDist_unc,ziDist_method,DistMpc,DistMpc_unc,DistMpc_method,ebv,m_FUV,m_FUV_unc,m_NUV,m_NUV_unc,Lum_FUV,Lum_FUV_unc,Lum_NUV,Lum_NUV_unc,m_J,m_J_unc,m_H,m_H_unc,m_Ks,m_Ks_unc,Lum_J,Lum_J_unc,Lum_H,Lum_H_unc,Lum_Ks,Lum_Ks_unc,m_W1,m_W1_unc,m_W2,m_W2_unc,m_W3,m_W3_unc,m_W4,m_W4_unc,Lum_W1,Lum_W1_unc,Lum_W2,Lum_W2_unc,Lum_W3,Lum_W3_unc,Lum_W4,Lum_W4_unc,SFR_W4,SFR_W4_unc,SFR_hybrid,SFR_hybrid_unc,SFR_flag,Mstar,Mstar_unc
WISEA J205335.01+010024.3,313.395908,1.0067769,0.20258681,7.56186e-05,SPEC,False,,,,999.938,0.32571676,Redshift,0.073319115,,,,,,,,,,,,,,,,,,,,,15.422,0.204,14.949,99.0,11.915,99.0,8.457,99.0,2.2752804491513555e+43,4.275188173848885e+42,1.4161428938774932e+43,,1.6902156158556692e+43,,5.634872890866705e+43,,11.008477906095413,,,,,49316031850.94247,9266344121.61993
WISEA J205310.79+011509.0,313.2949866,1.2525077,0.193727,,PHOT,False,,,,951.26117,,Redshift,0.08201741,,,,,,,,,14.644,0.159,14.422,0.152,13.473,0.193,6.183081260828163e+44,9.055078676372047e+43,3.5383729857291595e+44,4.953787400465301e+43,4.2001280701061555e+44,7.466378611795176e+43,12.854,0.014,12.83,0.065,11.797,0.39,11.357,99.0,2.19572796497282e+44,2.831370550354987e+42,9.033219379992666e+43,5.408116438538762e+42,1.706002661240653e+43,6.128221795910522e+42,3.5288485675399825e+42,,0.6894077691208614,,,,,694850621826.8417,8960033387.199326
WISEA J205301.75+005134.4,313.2573249,0.8595588,0.20221014,2.9045752e-05,SPEC,False,,,,997.86005,0.12511061,Redshift,0.07745375,23.3547,99.0,23.5886,0.340046,6.892421499882733e+42,,3.9847619486357585e+42,1.2480449047884324e+42,,,,,,,,,,,,,15.172,0.115,14.323,0.206,11.593,99.0,8.671,99.0,2.8546710805230786e+43,3.023737456003254e+42,2.5114794720492544e+43,4.765264473756954e+42,2.2647611313005126e+43,,4.608113091049666e+43,,9.002565299002995,,8.227742516783792,,,75307878984.96182,7976794803.878576
