objname,ra,dec,z,z_unc,z_tech,z_qual,ziDist,ziDist_unc,ziDist_method,DistMpc,DistMpc_unc,DistMpc_method,ebv,m_FUV,m_FUV_unc,m_NUV,m_NUV_unc,Lum_FUV,Lum_FUV_unc,Lum_NUV,Lum_NUV_unc,m_J,m_J_unc,m_H,m_H_unc,m_Ks,m_Ks_unc,Lum_J,Lum_J_unc,Lum_H,Lum_H_unc,Lum_Ks,Lum_Ks_unc,m_W1,m_W1_unc,m_W2,m_W2_unc,m_W3,m_W3_unc,m_W4,m_W4_unc,Lum_W1,Lum_W1_unc,Lum_W2,Lum_W2_unc,Lum_W3,Lum_W3_unc,Lum_W4,Lum_W4_unc,SFR_W4,SFR_W4_unc,SFR_hybrid,SFR_hybrid_unc,SFR_flag,Mstar,Mstar_unc
WISEA J205335.01+010024.3,313.395908,1.0067769,0.20258681,7.56186e-05,SPEC,False,,,,999.938,0.32571676,Redshift,0.073319115,,,,,,,,,,,,,,,,,,,,,15.422,0.204,14.949,99.0,11.915,99.0,8.457,99.0,2.2752804491513555e+43,4.275188173848885e+42,1.4161428938774932e+43,,1.6902156158556692e+43,,5.634872890866705e+43,,11.008477906095413,,,,,49316031850.94247,9266344121.61993
WISEA J205301.75+005134.4,313.2573249,0.8595588,0.20221014,2.9045752e-05,SPEC,False,,,,997.86005,0.12511061,Redshift,0.07745375,23.3547,99.0,23.5886,0.340046,6.892421499882733e+42,,3.9847619486357585e+42,1.2480449047884324e+42,,,,,,,,,,,,,15.172,0.115,14.323,0.206,11.593,99.0,8.671,99.0,2.8546710805230786e+43,3.023737456003254e+42,2.5114794720492544e+43,4.765264473756954e+42,2.2647611313005126e+43,,4.608113091049666e+43,,9.002565299002995,,8.227742516783792,,,75307878984.96182,7976794803.878576
[DSG2017] J205449.64+004149.8,313.706833333333,0.697180555555555,0.20153,,SPEC,False,,,,994.10974,,Redshift,0.07444561,,,,,,,,,,,,,,,,,,,,,,,,,,,,,,,,,,,,,,,,,,,
PKS 2052+005,313.70671458333,0.69806333333,0.20152822,3.073425e-05,SPEC,False,,,,994.1,0.13238357,Redshift,0.07443632,,,,,,,,,,,,,,,,,,,,,13.176,0.015,11.688,0.015,8.678,0.043,5.769,0.037,1.7800714510300677e+44,2.4593412531643794e+42,2.8215225170991614e+44,3.8982071902498884e+42,3.2936669377760366e+44,1.3044825997065792e+43,6.622322768194577e+44,2.2568477066172373e+43,129.37593321557523,4.409053868098276,,,,306184496499.1549,4230235605.9021854
SDSS J205501.63+010509.0,313.75681,1.08586,0.19554743,1.7165272e-05,SPEC,False,,,,961.2287,0.073937066,Redshift,0.07762052,21.4327,99.0,21.1117,0.181339,3.7602819611194584e+43,,3.6247355199590947e+43,6.05421335664666e+42,,,,,,,,,,,,,,,,,,,,,,,,,,,,,,,,,,,
