objname,ra,dec,z,z_unc,z_tech,z_qual,ziDist,ziDist_unc,ziDist_method,DistMpc,DistMpc_unc,DistMpc_method,ebv,m_FUV,m_FUV_unc,m_NUV,m_NUV_unc,Lum_FUV,Lum_FUV_unc,Lum_NUV,Lum_NUV_unc,m_J,m_J_unc,m_H,m_H_unc,m_Ks,m_Ks_unc,Lum_J,Lum_J_unc,Lum_H,Lum_H_unc,Lum_Ks,Lum_Ks_unc,m_W1,m_W1_unc,m_W2,m_W2_unc,m_W3,m_W3_unc,m_W4,m_W4_unc,Lum_W1,Lum_W1_unc,Lum_W2,Lum_W2_unc,Lum_W3,Lum_W3_unc,Lum_W4,Lum_W4_unc,SFR_W4,SFR_W4_unc,SFR_hybrid,SFR_hybrid_unc,SFR_flag,Mstar,Mstar_unc
WISEA J171543.62+291712.7,258.9317702,29.2868707,0.10745271,3.367331e-05,SPEC,False,,,,499.92175,0.14504318,Redshift,0.045438476,,,,,,,,,16.343,0.136,15.168,0.118,15.039,0.185,3.474742771321549e+43,4.3526299416200775e+42,4.832851180428693e+43,5.252614679913073e+42,2.7101185952524024e+43,4.617959944532289e+42,14.08,0.033,14.115,0.085,12.281,99.0,8.239,99.0,1.9475061405728988e+43,5.919471445650568e+41,7.603630875559989e+42,5.952921278214918e+41,3.011695854142008e+42,,1.7204234840035765e+43,,3.3610773977668207,,,,,61629941157.37022,1873250457.4843569
