objname,ra,dec,z,z_unc,z_tech,z_qual,ziDist,ziDist_unc,ziDist_method,DistMpc,DistMpc_unc,DistMpc_method,ebv,m_FUV,m_FUV_unc,m_NUV,m_NUV_unc,Lum_FUV,Lum_FUV_unc,Lum_NUV,Lum_NUV_unc,m_J,m_J_unc,m_H,m_H_unc,m_Ks,m_Ks_unc,Lum_J,Lum_J_unc,Lum_H,Lum_H_unc,Lum_Ks,Lum_Ks_unc,m_W1,m_W1_unc,m_W2,m_W2_unc,m_W3,m_W3_unc,m_W4,m_W4_unc,Lum_W1,Lum_W1_unc,Lum_W2,Lum_W2_unc,Lum_W3,Lum_W3_unc,Lum_W4,Lum_W4_unc,SFR_W4,SFR_W4_unc,SFR_hybrid,SFR_hybrid_unc,SFR_flag,Mstar,Mstar_unc
WISEA J171543.62+291712.7,258.9317702,29.2868707,0.10745271,3.367331e-05,SPEC,False,,,,499.92175,0.14504318,Redshift,0.045438476,,,,,,,,,16.343,0.136,15.168,0.118,15.039,0.185,3.474742771321549e+43,4.3526299416200775e+42,4.832851180428693e+43,5.252614679913073e+42,2.7101185952524024e+43,4.617959944532289e+42,14.08,0.033,14.115,0.085,12.281,99.0,8.239,99.0,1.9475061405728988e+43,5.919471445650568e+41,7.603630875559989e+42,5.952921278214918e+41,3.011695854142008e+42,,1.7204234840035765e+43,,3.3610773977668207,,,,,61629941157.37022,1873250457.4843569
WISEA J171524.91+292935.6,258.8538114,29.4932256,0.10703305,8.526572e-06,SPEC,False,,,,497.8306,0.03672704,Redshift,0.045391053,20.6683,0.0599587,19.9631,0.0226019,1.607907031781029e+43,8.87980277011138e+41,2.1447197736458482e+43,4.464837465985931e+41,14.793,0.115,14.327,0.154,13.625,0.154,1.4363717596957687e+44,1.5214402229724816e+43,1.0398076669919685e+44,1.4749044192219496e+43,9.8841790606666e+43,1.4020111492942836e+43,12.698,0.014,12.519,0.042,9.623,0.049,7.556,0.135,6.89658846530933e+43,8.893085871139955e+41,3.279271700105571e+43,1.2685769389332334e+42,3.454375463568042e+43,1.5590344833036016e+42,3.2003262952940105e+43,3.979405679880592e+42,6.25226548963404,0.7774301276140777,6.21327193364983,0.6853358510930996,,218246470421.1813,2814267680.740492
WISEA J171504.78+291004.3,258.7699343,29.1678689,0.122163,1.3e-05,SPEC,False,,,,573.87787,0.05599572,Redshift,0.046850692,21.1245,0.0974917,20.4411,0.0354239,1.4188363044556995e+43,1.2740606366986001e+42,1.8573496999969882e+43,6.0601067443376335e+41,15.99,0.094,15.156,99.0,14.871,99.0,6.344783901966753e+43,5.49331844778521e+42,6.443535796368264e+43,,4.170794772589723e+43,,14.045,0.025,14.301,0.128,11.131,0.196,8.839,99.0,2.651100333755877e+43,6.104587312404052e+41,8.443726483373022e+42,9.954840984906508e+41,1.1446601469453874e+43,2.0664398380102268e+42,1.304626509795641e+43,,2.5487623921509006,,2.870274374981848,,,83895580182.148,1931831427.9759657
