objname,ra,dec,z,z_unc,z_tech,z_qual,ziDist,ziDist_unc,ziDist_method,DistMpc,DistMpc_unc,DistMpc_method,ebv,m_FUV,m_FUV_unc,m_NUV,m_NUV_unc,Lum_FUV,Lum_FUV_unc,Lum_NUV,Lum_NUV_unc,m_J,m_J_unc,m_H,m_H_unc,m_Ks,m_Ks_unc,Lum_J,Lum_J_unc,Lum_H,Lum_H_unc,Lum_Ks,Lum_Ks_unc,m_W1,m_W1_unc,m_W2,m_W2_unc,m_W3,m_W3_unc,m_W4,m_W4_unc,Lum_W1,Lum_W1_unc,Lum_W2,Lum_W2_unc,Lum_W3,Lum_W3_unc,Lum_W4,Lum_W4_unc,SFR_W4,SFR_W4_unc,SFR_hybrid,SFR_hybrid_unc,SFR_flag,Mstar,Mstar_unc
WISEA J171543.62+291712.7,258.9317702,29.2868707,0.10745271,3.367331e-05,SPEC,False,,,,499.92175,0.14504318,Redshift,0.045438476,,,,,,,,,16.343,0.136,15.168,0.118,15.039,0.185,3.474742771321549e+43,4.3526299416200775e+42,4.832851180428693e+43,5.252614679913073e+42,2.7101185952524024e+43,4.617959944532289e+42,14.08,0.033,14.115,0.085,12.281,99.0,8.239,99.0,1.9475061405728988e+43,5.919471445650568e+41,7.603630875559989e+42,5.952921278214918e+41,3.011695854142008e+42,,1.7204234840035765e+43,,3.3610773977668207,,,,,61629941157.37022,1873250457.4843569
WISEA J171558.97+292205.5,258.9957271,29.3681999,0.08280692,1.9743924e-05,SPEC,False,,,,378.8999,0.08504425,Redshift,0.04481088,22.708,0.245821,22.3258,0.115277,1.417125186467491e+42,3.2086129342899875e+41,1.4031058021483157e+42,1.4897836528817854e+41,15.321,0.042,14.431,0.076,14.025,0.089,5.114039345662438e+43,1.9783518399588777e+42,5.471687781972471e+43,3.8302314712146504e+42,3.9604632895057887e+43,3.2465801116635664e+42,13.631,0.023,13.545,0.051,11.254,0.189,8.645,99.0,1.691507335592893e+43,3.583371777622331e+41,7.382973602715126e+42,3.4681002238028797e+41,4.454952985067466e+42,7.755237132524427e+41,6.79944306580833e+42,,1.3283621514342923,,1.2317195750908156,,,53528713151.67383,1133978410.6399782
